{
    "projName": "Aquamon",
    "homeTown": "Lisbon",
    "formed": 2019,
    "author": "José Cecílio",
    "active": true,
    "members": [
      {
          "Network": {
          "Name": "Network 1",
          "Gateway": {
              "Name": "Gateway 10",
              "lat": 38.62953, 
              "long": -9.10525,
              "status": "C",
              "members": [ {
                  "Node": {
                  "Name": "Node 11",
                  "lat": 38.6211,
                  "long": -9.108007,
                  "type": "raspberry",
                  "status":"C"}
                  },{
                  "Node": {
                  "Name": "Node 12",
                  "lat": 38.626525, 
                  "long": -9.109908,
                  "type": "raspberry",
                  "status":"C"}
                  },{
                  "Node": {
                  "Name": "Node 13",
                  "lat": 38.62901, 
                  "long": -9.11265,
                  "type": "raspberry",
                  "status":"I"}
                  } ]
                } 
            }
      },
      {
          "Network": {
          "Name": "Network 2",
          "Gateway": {
              "Name": "Gateway 20",
              "lat": 38.62684, 
              "long": -9.11043,
              "status": "C",
              "members": [ {
                  "Node": {
                  "Name": "Node 21",
                  "lat": 38.622327, 
                  "long": -9.105895,
                  "type": "arduino",
                  "status":"C"}
                  },{
                  "Node": {
                  "Name": "Node 22",
                  "lat": 38.6277, 
                  "long": -9.104607,
                  "type": "arduino",
                  "status":"D"}
                  },{
                  "Node": {
                  "Name": "Node 23",
                  "lat": 38.632555, 
                  "long": -9.106268,
                  "type": "arduino",
                  "status":"I"}
                  } ]
                } 
            }
      },
      {
        "Network": {
        "Name": "Network 3",
        "Gateway": {
            "Name": "Gateway 30",
            "lat": 39.62684, 
            "long": -9.11043,
            "status": "D",
            "members": [ {
                "Node": {
                "Name": "Node 31",
                "lat": 39.622327, 
                "long": -9.105895,
                "type": "arduino",
                "status":"I"}
                },{
                "Node": {
                "Name": "Node 32",
                "lat": 39.6277, 
                "long": -9.104607,
                "type": "arduino",
                "status":"D"}
                },{
                "Node": {
                "Name": "Node 33",
                "lat": 39.632555, 
                "long": -9.106268,
                "type": "raspberry",
                "status":"C"}
                } ]
              } 
          }
      }

    ]
  }
  